{
  "atom_type": {
    "0": {
      "accuracy": 1.0,
      "f1": 1.0,
      "frequency_baseline": 0.7527922561429635,
      "accuracy_random": 1.0
    },
    "1": {
      "accuracy": 1.0,
      "f1": 1.0,
      "frequency_baseline": 0.7527922561429635,
      "accuracy_random": 0.6943410275502606
    },
    "2": {
      "accuracy": 1.0,
      "f1": 1.0,
      "frequency_baseline": 0.7527922561429635,
      "accuracy_random": 0.6950856291883842
    },
    "3": {
      "accuracy": 1.0,
      "f1": 1.0,
      "frequency_baseline": 0.7527922561429635,
      "accuracy_random": 0.697319434102755
    },
    "4": {
      "accuracy": 1.0,
      "f1": 1.0,
      "frequency_baseline": 0.7527922561429635,
      "accuracy_random": 0.6988086373790022
    },
    "5": {
      "accuracy": 1.0,
      "f1": 1.0,
      "frequency_baseline": 0.7527922561429635,
      "accuracy_random": 0.702903946388682
    },
    "6": {
      "accuracy": 1.0,
      "f1": 1.0,
      "frequency_baseline": 0.7527922561429635,
      "accuracy_random": 0.7014147431124349
    },
    "7": {
      "accuracy": 1.0,
      "f1": 1.0,
      "frequency_baseline": 0.7527922561429635,
      "accuracy_random": 0.68801191362621
    },
    "8": {
      "accuracy": 1.0,
      "f1": 1.0,
      "frequency_baseline": 0.7527922561429635,
      "accuracy_random": 0.686150409530901
    },
    "9": {
      "accuracy": 1.0,
      "f1": 1.0,
      "frequency_baseline": 0.7527922561429635,
      "accuracy_random": 0.6801935964259122
    },
    "10": {
      "accuracy": 1.0,
      "f1": 1.0,
      "frequency_baseline": 0.7527922561429635,
      "accuracy_random": 0.684288905435592
    },
    "11": {
      "accuracy": 1.0,
      "f1": 1.0,
      "frequency_baseline": 0.7527922561429635,
      "accuracy_random": 0.6790766939687267
    },
    "12": {
      "accuracy": 1.0,
      "f1": 1.0,
      "frequency_baseline": 0.7527922561429635,
      "accuracy_random": 0.6742367833209233
    }
  },
  "hybridization": {
    "0": {
      "accuracy": 0.8726731198808637,
      "f1": 0.8703989431884623,
      "frequency_baseline": 0.5614296351451973,
      "accuracy_random": 0.8726731198808637
    },
    "1": {
      "accuracy": 0.9430379746835443,
      "f1": 0.9430586155287867,
      "frequency_baseline": 0.5614296351451973,
      "accuracy_random": 0.5323901712583767
    },
    "2": {
      "accuracy": 0.9705882352941176,
      "f1": 0.9704254572890989,
      "frequency_baseline": 0.5614296351451973,
      "accuracy_random": 0.5327624720774385
    },
    "3": {
      "accuracy": 0.9813849590469099,
      "f1": 0.9813745724711044,
      "frequency_baseline": 0.5614296351451973,
      "accuracy_random": 0.5405807892777365
    },
    "4": {
      "accuracy": 0.9851079672375279,
      "f1": 0.9851089801311742,
      "frequency_baseline": 0.5614296351451973,
      "accuracy_random": 0.5409530900967983
    },
    "5": {
      "accuracy": 0.9914370811615786,
      "f1": 0.9914419259130972,
      "frequency_baseline": 0.5614296351451973,
      "accuracy_random": 0.5390915860014892
    },
    "6": {
      "accuracy": 0.994415487714073,
      "f1": 0.9944179206156603,
      "frequency_baseline": 0.5614296351451973,
      "accuracy_random": 0.5331347728965004
    },
    "7": {
      "accuracy": 0.9940431868950111,
      "f1": 0.994044554988142,
      "frequency_baseline": 0.5614296351451973,
      "accuracy_random": 0.5428145941921072
    },
    "8": {
      "accuracy": 0.9955323901712584,
      "f1": 0.9955329957612443,
      "frequency_baseline": 0.5614296351451973,
      "accuracy_random": 0.5323901712583767
    },
    "9": {
      "accuracy": 0.9951600893521966,
      "f1": 0.995164680793184,
      "frequency_baseline": 0.5614296351451973,
      "accuracy_random": 0.5323901712583767
    },
    "10": {
      "accuracy": 0.996276991809382,
      "f1": 0.9962814672286672,
      "frequency_baseline": 0.5614296351451973,
      "accuracy_random": 0.5320178704393149
    },
    "11": {
      "accuracy": 0.9973938942665674,
      "f1": 0.9973937642671519,
      "frequency_baseline": 0.5614296351451973,
      "accuracy_random": 0.5208488458674609
    },
    "12": {
      "accuracy": 0.996276991809382,
      "f1": 0.9962780829862283,
      "frequency_baseline": 0.5614296351451973,
      "accuracy_random": 0.5160089352196575
    }
  },
  "is_aromatic": {
    "0": {
      "accuracy": 0.9985107967237528,
      "f1": 0.9985115946955113,
      "frequency_baseline": 0.6619508562918839,
      "accuracy_random": 0.9985107967237528
    },
    "1": {
      "accuracy": 0.9985107967237528,
      "f1": 0.9985115946955113,
      "frequency_baseline": 0.6619508562918839,
      "accuracy_random": 0.5871183916604616
    },
    "2": {
      "accuracy": 0.998138495904691,
      "f1": 0.9981392450679006,
      "frequency_baseline": 0.6619508562918839,
      "accuracy_random": 0.5923306031273269
    },
    "3": {
      "accuracy": 0.9973938942665674,
      "f1": 0.9973942448708978,
      "frequency_baseline": 0.6619508562918839,
      "accuracy_random": 0.5830230826507818
    },
    "4": {
      "accuracy": 0.998138495904691,
      "f1": 0.9981392450679006,
      "frequency_baseline": 0.6619508562918839,
      "accuracy_random": 0.5800446760982875
    },
    "5": {
      "accuracy": 0.998138495904691,
      "f1": 0.9981392450679006,
      "frequency_baseline": 0.6619508562918839,
      "accuracy_random": 0.5740878629932986
    },
    "6": {
      "accuracy": 0.9973938942665674,
      "f1": 0.9973942448708978,
      "frequency_baseline": 0.6619508562918839,
      "accuracy_random": 0.5688756515264334
    },
    "7": {
      "accuracy": 0.9985107967237528,
      "f1": 0.9985115946955113,
      "frequency_baseline": 0.6619508562918839,
      "accuracy_random": 0.5718540580789278
    },
    "8": {
      "accuracy": 0.9985107967237528,
      "f1": 0.9985115946955113,
      "frequency_baseline": 0.6619508562918839,
      "accuracy_random": 0.5711094564408041
    },
    "9": {
      "accuracy": 0.9985107967237528,
      "f1": 0.9985115946955113,
      "frequency_baseline": 0.6619508562918839,
      "accuracy_random": 0.5692479523454952
    },
    "10": {
      "accuracy": 0.9985107967237528,
      "f1": 0.9985115946955113,
      "frequency_baseline": 0.6619508562918839,
      "accuracy_random": 0.5714817572598659
    },
    "11": {
      "accuracy": 0.9988830975428146,
      "f1": 0.9988835470407403,
      "frequency_baseline": 0.6619508562918839,
      "accuracy_random": 0.5781831720029784
    },
    "12": {
      "accuracy": 0.9985107967237528,
      "f1": 0.9985115946955113,
      "frequency_baseline": 0.6619508562918839,
      "accuracy_random": 0.5595681310498883
    }
  },
  "is_in_ring": {
    "0": {
      "accuracy": 0.8198064035740878,
      "f1": 0.8151446216953414,
      "frequency_baseline": 0.5197319434102755,
      "accuracy_random": 0.8198064035740878
    },
    "1": {
      "accuracy": 0.9516008935219658,
      "f1": 0.951608469987475,
      "frequency_baseline": 0.5197319434102755,
      "accuracy_random": 0.5122859270290394
    },
    "2": {
      "accuracy": 0.9690990320178704,
      "f1": 0.9691020042566104,
      "frequency_baseline": 0.5197319434102755,
      "accuracy_random": 0.5204765450483991
    },
    "3": {
      "accuracy": 0.9836187639612807,
      "f1": 0.9836213283034531,
      "frequency_baseline": 0.5197319434102755,
      "accuracy_random": 0.5312732688011914
    },
    "4": {
      "accuracy": 0.9903201787043932,
      "f1": 0.9903192755118155,
      "frequency_baseline": 0.5197319434102755,
      "accuracy_random": 0.5387192851824274
    },
    "5": {
      "accuracy": 0.990692479523455,
      "f1": 0.9906926151908413,
      "frequency_baseline": 0.5197319434102755,
      "accuracy_random": 0.530156366344006
    },
    "6": {
      "accuracy": 0.992553983618764,
      "f1": 0.9925532888552425,
      "frequency_baseline": 0.5197319434102755,
      "accuracy_random": 0.5443037974683544
    },