{
  "atom_type": {
    "0": {
      "accuracy": 0.9988662131519275,
      "f1": 0.9988683916369434,
      "frequency_baseline": 0.7210884353741497,
      "accuracy_random": 0.9988662131519275
    },
    "1": {
      "accuracy": 0.9988662131519275,
      "f1": 0.9988683916369434,
      "frequency_baseline": 0.7210884353741497,
      "accuracy_random": 0.6683673469387755
    },
    "2": {
      "accuracy": 0.9988662131519275,
      "f1": 0.9988683916369434,
      "frequency_baseline": 0.7210884353741497,
      "accuracy_random": 0.6649659863945578
    },
    "3": {
      "accuracy": 0.9988662131519275,
      "f1": 0.9988683916369434,
      "frequency_baseline": 0.7210884353741497,
      "accuracy_random": 0.6604308390022676
    },
    "4": {
      "accuracy": 0.9988662131519275,
      "f1": 0.9988683916369434,
      "frequency_baseline": 0.7210884353741497,
      "accuracy_random": 0.6780045351473923
    },
    "5": {
      "accuracy": 0.9988662131519275,
      "f1": 0.9988683916369434,
      "frequency_baseline": 0.7210884353741497,
      "accuracy_random": 0.6740362811791383
    },
    "6": {
      "accuracy": 0.9988662131519275,
      "f1": 0.9988683916369434,
      "frequency_baseline": 0.7210884353741497,
      "accuracy_random": 0.6643990929705216
    },
    "7": {
      "accuracy": 0.9988662131519275,
      "f1": 0.9988683916369434,
      "frequency_baseline": 0.7210884353741497,
      "accuracy_random": 0.6689342403628118
    },
    "8": {
      "accuracy": 0.9988662131519275,
      "f1": 0.9988683916369434,
      "frequency_baseline": 0.7210884353741497,
      "accuracy_random": 0.6695011337868481
    },
    "9": {
      "accuracy": 0.9988662131519275,
      "f1": 0.9988683916369434,
      "frequency_baseline": 0.7210884353741497,
      "accuracy_random": 0.6615646258503401
    },
    "10": {
      "accuracy": 0.9988662131519275,
      "f1": 0.9988683916369434,
      "frequency_baseline": 0.7210884353741497,
      "accuracy_random": 0.6729024943310657
    },
    "11": {
      "accuracy": 0.9988662131519275,
      "f1": 0.9988683916369434,
      "frequency_baseline": 0.7210884353741497,
      "accuracy_random": 0.6638321995464853
    },
    "12": {
      "accuracy": 0.9988662131519275,
      "f1": 0.9988683916369434,
      "frequency_baseline": 0.7210884353741497,
      "accuracy_random": 0.6785714285714286
    }
  },
  "hybridization": {
    "0": {
      "accuracy": 0.7335600907029478,
      "f1": 0.6861896179294734,
      "frequency_baseline": 0.6281179138321995,
      "accuracy_random": 0.7335600907029478
    },
    "1": {
      "accuracy": 0.9223356009070295,
      "f1": 0.9225691002391974,
      "frequency_baseline": 0.6281179138321995,
      "accuracy_random": 0.5453514739229025
    },
    "2": {
      "accuracy": 0.9693877551020408,
      "f1": 0.9694384094009476,
      "frequency_baseline": 0.6281179138321995,
      "accuracy_random": 0.5476190476190477
    },
    "3": {
      "accuracy": 0.9795918367346939,
      "f1": 0.9796115187655055,
      "frequency_baseline": 0.6281179138321995,
      "accuracy_random": 0.5436507936507936
    },
    "4": {
      "accuracy": 0.9852607709750567,
      "f1": 0.9852749429281488,
      "frequency_baseline": 0.6281179138321995,
      "accuracy_random": 0.5481859410430839
    },
    "5": {
      "accuracy": 0.9846938775510204,
      "f1": 0.984701028863142,
      "frequency_baseline": 0.6281179138321995,
      "accuracy_random": 0.5396825396825397
    },
    "6": {
      "accuracy": 0.985827664399093,
      "f1": 0.9858381798092862,
      "frequency_baseline": 0.6281179138321995,
      "accuracy_random": 0.5306122448979592
    },
    "7": {
      "accuracy": 0.9914965986394558,
      "f1": 0.991506795969703,
      "frequency_baseline": 0.6281179138321995,
      "accuracy_random": 0.5391156462585034
    },
    "8": {
      "accuracy": 0.9926303854875284,
      "f1": 0.9926249874620586,
      "frequency_baseline": 0.6281179138321995,
      "accuracy_random": 0.5368480725623582
    },
    "9": {
      "accuracy": 0.9903628117913832,
      "f1": 0.9903604692456802,
      "frequency_baseline": 0.6281179138321995,
      "accuracy_random": 0.5385487528344671
    },
    "10": {
      "accuracy": 0.9954648526077098,
      "f1": 0.9954626429493136,
      "frequency_baseline": 0.6281179138321995,
      "accuracy_random": 0.5255102040816326
    },
    "11": {
      "accuracy": 0.996031746031746,
      "f1": 0.9960327063222746,
      "frequency_baseline": 0.6281179138321995,
      "accuracy_random": 0.5255102040816326
    },
    "12": {
      "accuracy": 0.996031746031746,
      "f1": 0.996032007188711,
      "frequency_baseline": 0.6281179138321995,
      "accuracy_random": 0.5260770975056689
    }
  },
  "is_aromatic": {
    "0": {
      "accuracy": 0.95578231292517,
      "f1": 0.9511590852262225,
      "frequency_baseline": 0.8832199546485261,
      "accuracy_random": 0.95578231292517
    },
    "1": {
      "accuracy": 0.981859410430839,
      "f1": 0.9819349663271808,
      "frequency_baseline": 0.8832199546485261,
      "accuracy_random": 0.8633786848072562
    },
    "2": {
      "accuracy": 0.9846938775510204,
      "f1": 0.9847418256254002,
      "frequency_baseline": 0.8832199546485261,
      "accuracy_random": 0.8565759637188208
    },
    "3": {
      "accuracy": 0.9909297052154195,
      "f1": 0.9909297052154195,
      "frequency_baseline": 0.8832199546485261,
      "accuracy_random": 0.8520408163265306
    },
    "4": {
      "accuracy": 0.9897959183673469,
      "f1": 0.9897524394373135,
      "frequency_baseline": 0.8832199546485261,
      "accuracy_random": 0.8469387755102041
    },
    "5": {
      "accuracy": 0.9926303854875284,
      "f1": 0.9926381246153184,
      "frequency_baseline": 0.8832199546485261,
      "accuracy_random": 0.8560090702947846
    },
    "6": {
      "accuracy": 0.9914965986394558,
      "f1": 0.9914876179050944,
      "frequency_baseline": 0.8832199546485261,
      "accuracy_random": 0.8492063492063492
    },
    "7": {
      "accuracy": 0.9920634920634921,
      "f1": 0.9920634920634921,
      "frequency_baseline": 0.8832199546485261,
      "accuracy_random": 0.8497732426303855
    },
    "8": {
      "accuracy": 0.9926303854875284,
      "f1": 0.9926226021844151,
      "frequency_baseline": 0.8832199546485261,
      "accuracy_random": 0.8497732426303855
    },
    "9": {
      "accuracy": 0.9931972789115646,
      "f1": 0.9931682929582091,
      "frequency_baseline": 0.8832199546485261,
      "accuracy_random": 0.8435374149659864
    },
    "10": {
      "accuracy": 0.9903628117913832,
      "f1": 0.9902903280119936,
      "frequency_baseline": 0.8832199546485261,
      "accuracy_random": 0.8361678004535147
    },
    "11": {
      "accuracy": 0.9931972789115646,
      "f1": 0.9931682929582091,
      "frequency_baseline": 0.8832199546485261,
      "accuracy_random": 0.8208616780045351
    },
    "12": {
      "accuracy": 0.9926303854875284,
      "f1": 0.9925910208328848,
      "frequency_baseline": 0.8832199546485261,
      "accuracy_random": 0.8180272108843537
    }
  },
  "is_in_ring": {
    "0": {
      "accuracy": 0.6621315192743764,
      "f1": 0.6431685548599148,
      "frequency_baseline": 0.6150793650793651,
      "accuracy_random": 0.6621315192743764
    },
    "1": {
      "accuracy": 0.88718820861678,
      "f1": 0.8865913208316836,
      "frequency_baseline": 0.6150793650793651,
      "accuracy_random": 0.5651927437641724
    },
    "2": {
      "accuracy": 0.9580498866213152,
      "f1": 0.9580498866213152,
      "frequency_baseline": 0.6150793650793651,
      "accuracy_random": 0.5498866213151927
    },
    "3": {
      "accuracy": 0.9807256235827665,
      "f1": 0.9806983383739979,
      "frequency_baseline": 0.6150793650793651,
      "accuracy_random": 0.5351473922902494
    },
    "4": {
      "accuracy": 0.9852607709750567,
      "f1": 0.9852525591363395,
      "frequency_baseline": 0.6150793650793651,