{
  "atom_type": {
    "0": {
      "accuracy": 1.0,
      "f1": 1.0,
      "frequency_baseline": 0.7548579970104634,
      "accuracy_random": 0.6984304932735426
    },
    "1": {
      "accuracy": 1.0,
      "f1": 1.0,
      "frequency_baseline": 0.7548579970104634,
      "accuracy_random": 0.7002989536621823
    },
    "2": {
      "accuracy": 1.0,
      "f1": 1.0,
      "frequency_baseline": 0.7548579970104634,
      "accuracy_random": 0.695067264573991
    },
    "3": {
      "accuracy": 1.0,
      "f1": 1.0,
      "frequency_baseline": 0.7548579970104634,
      "accuracy_random": 0.6857249626307922
    },
    "4": {
      "accuracy": 1.0,
      "f1": 1.0,
      "frequency_baseline": 0.7548579970104634,
      "accuracy_random": 0.6872197309417041
    },
    "5": {
      "accuracy": 1.0,
      "f1": 1.0,
      "frequency_baseline": 0.7548579970104634,
      "accuracy_random": 0.6931988041853513
    },
    "6": {
      "accuracy": 1.0,
      "f1": 1.0,
      "frequency_baseline": 0.7548579970104634,
      "accuracy_random": 0.6973094170403588
    },
    "7": {
      "accuracy": 0.999626307922272,
      "f1": 0.9996275808278543,
      "frequency_baseline": 0.7548579970104634,
      "accuracy_random": 0.6935724962630793
    },
    "8": {
      "accuracy": 0.999626307922272,
      "f1": 0.9996275808278543,
      "frequency_baseline": 0.7548579970104634,
      "accuracy_random": 0.6834828101644245
    },
    "9": {
      "accuracy": 0.999626307922272,
      "f1": 0.9996275808278543,
      "frequency_baseline": 0.7548579970104634,
      "accuracy_random": 0.6860986547085202
    },
    "10": {
      "accuracy": 0.999626307922272,
      "f1": 0.9996275808278543,
      "frequency_baseline": 0.7548579970104634,
      "accuracy_random": 0.6842301943198804
    },
    "11": {
      "accuracy": 0.999626307922272,
      "f1": 0.9996275808278543,
      "frequency_baseline": 0.7548579970104634,
      "accuracy_random": 0.6760089686098655
    },
    "12": {
      "accuracy": 0.9992526158445441,
      "f1": 0.9992544612375206,
      "frequency_baseline": 0.7548579970104634,
      "accuracy_random": 0.6610612855007474
    }
  },
  "hybridization": {
    "0": {
      "accuracy": 0.8886397608370703,
      "f1": 0.8848351810671412,
      "frequency_baseline": 0.5639013452914798,
      "accuracy_random": 0.5362481315396114
    },
    "1": {
      "accuracy": 0.9260089686098655,
      "f1": 0.9237978168164469,
      "frequency_baseline": 0.5639013452914798,
      "accuracy_random": 0.5291479820627802
    },
    "2": {
      "accuracy": 0.9349775784753364,
      "f1": 0.9346121308317926,
      "frequency_baseline": 0.5639013452914798,
      "accuracy_random": 0.5396113602391629
    },
    "3": {
      "accuracy": 0.953662182361734,
      "f1": 0.9532242689660978,
      "frequency_baseline": 0.5639013452914798,
      "accuracy_random": 0.554559043348281
    },
    "4": {
      "accuracy": 0.9742152466367713,
      "f1": 0.9742099028140628,
      "frequency_baseline": 0.5639013452914798,
      "accuracy_random": 0.5624065769805681
    },
    "5": {
      "accuracy": 0.984304932735426,
      "f1": 0.98431450614355,
      "frequency_baseline": 0.5639013452914798,
      "accuracy_random": 0.5526905829596412
    },
    "6": {
      "accuracy": 0.9891629297458894,
      "f1": 0.989172180992258,
      "frequency_baseline": 0.5639013452914798,
      "accuracy_random": 0.5639013452914798
    },
    "7": {
      "accuracy": 0.992152466367713,
      "f1": 0.9921623176093715,
      "frequency_baseline": 0.5639013452914798,
      "accuracy_random": 0.5448430493273543
    },
    "8": {
      "accuracy": 0.9940209267563528,
      "f1": 0.9940320061854051,
      "frequency_baseline": 0.5639013452914798,
      "accuracy_random": 0.5597907324364724
    },
    "9": {
      "accuracy": 0.9951420029895366,
      "f1": 0.9951406741385657,
      "frequency_baseline": 0.5639013452914798,
      "accuracy_random": 0.5426008968609866
    },
    "10": {
      "accuracy": 0.9955156950672646,
      "f1": 0.995512105638327,
      "frequency_baseline": 0.5639013452914798,
      "accuracy_random": 0.5594170403587444
    },
    "11": {
      "accuracy": 0.9928998505231689,
      "f1": 0.9928973087070908,
      "frequency_baseline": 0.5639013452914798,
      "accuracy_random": 0.5399850523168909
    },
    "12": {
      "accuracy": 0.9910313901345291,
      "f1": 0.991019164711589,
      "frequency_baseline": 0.5639013452914798,
      "accuracy_random": 0.5440956651718983
    }
  },
  "is_aromatic": {
    "0": {
      "accuracy": 0.9955156950672646,
      "f1": 0.995521678403997,
      "frequency_baseline": 0.6397608370702541,
      "accuracy_random": 0.5743647234678625
    },
    "1": {
      "accuracy": 0.9958893871449925,
      "f1": 0.9958944227615367,
      "frequency_baseline": 0.6397608370702541,
      "accuracy_random": 0.5687593423019432
    },
    "2": {
      "accuracy": 0.9955156950672646,
      "f1": 0.995521678403997,
      "frequency_baseline": 0.6397608370702541,
      "accuracy_random": 0.5523168908819133
    },
    "3": {
      "accuracy": 0.9955156950672646,
      "f1": 0.995521678403997,
      "frequency_baseline": 0.6397608370702541,
      "accuracy_random": 0.5515695067264574
    },
    "4": {
      "accuracy": 0.9955156950672646,
      "f1": 0.995521678403997,
      "frequency_baseline": 0.6397608370702541,
      "accuracy_random": 0.5657698056801196
    },
    "5": {
      "accuracy": 0.9955156950672646,
      "f1": 0.995521678403997,
      "frequency_baseline": 0.6397608370702541,
      "accuracy_random": 0.5676382660687593
    },
    "6": {
      "accuracy": 0.9955156950672646,
      "f1": 0.995521678403997,
      "frequency_baseline": 0.6397608370702541,
      "accuracy_random": 0.5855754857997011
    },
    "7": {
      "accuracy": 0.9958893871449925,
      "f1": 0.9958944227615367,
      "frequency_baseline": 0.6397608370702541,
      "accuracy_random": 0.5769805680119582
    },
    "8": {
      "accuracy": 0.9958893871449925,
      "f1": 0.9958935202191261,
      "frequency_baseline": 0.6397608370702541,
      "accuracy_random": 0.5874439461883408
    },
    "9": {
      "accuracy": 0.9962630792227205,
      "f1": 0.9962672474650844,
      "frequency_baseline": 0.6397608370702541,
      "accuracy_random": 0.5732436472346786
    },
    "10": {
      "accuracy": 0.9958893871449925,
      "f1": 0.9958944227615367,
      "frequency_baseline": 0.6397608370702541,
      "accuracy_random": 0.593423019431988
    },
    "11": {
      "accuracy": 0.9951420029895366,
      "f1": 0.995149014001042,
      "frequency_baseline": 0.6397608370702541,
      "accuracy_random": 0.6027653213751868
    },
    "12": {
      "accuracy": 0.9951420029895366,
      "f1": 0.995149014001042,
      "frequency_baseline": 0.6397608370702541,
      "accuracy_random": 0.5919282511210763
    }
  },
  "is_in_ring": {
    "0": {
      "accuracy": 0.8486547085201793,
      "f1": 0.8458848460166666,
      "frequency_baseline": 0.5160687593423019,
      "accuracy_random": 0.5056053811659192
    },
    "1": {
      "accuracy": 0.9607623318385651,
      "f1": 0.9607527232189024,
      "frequency_baseline": 0.5160687593423019,
      "accuracy_random": 0.5198056801195815
    },
    "2": {
      "accuracy": 0.9637518684603886,
      "f1": 0.9637539204091885,
      "frequency_baseline": 0.5160687593423019,
      "accuracy_random": 0.5250373692077728
    },
    "3": {
      "accuracy": 0.9648729446935725,
      "f1": 0.9648625290201006,
      "frequency_baseline": 0.5160687593423019,
      "accuracy_random": 0.5358744394618834
    },
    "4": {
      "accuracy": 0.9693572496263079,
      "f1": 0.9693564956840248,
      "frequency_baseline": 0.5160687593423019,
      "accuracy_random": 0.5426008968609866
    },
    "5": {
      "accuracy": 0.9779521674140508,
      "f1": 0.9779529347950336,
      "frequency_baseline": 0.5160687593423019,
      "accuracy_random": 0.5369955156950673
    },