{
  "atom_type": {
    "0": {
      "accuracy": 1.0,
      "f1": 1.0,
      "frequency_baseline": 0.7255681818181818,
      "accuracy_random": 0.6715909090909091
    },
    "1": {
      "accuracy": 1.0,
      "f1": 1.0,
      "frequency_baseline": 0.7255681818181818,
      "accuracy_random": 0.6698863636363637
    },
    "2": {
      "accuracy": 1.0,
      "f1": 1.0,
      "frequency_baseline": 0.7255681818181818,
      "accuracy_random": 0.6642045454545454
    },
    "3": {
      "accuracy": 1.0,
      "f1": 1.0,
      "frequency_baseline": 0.7255681818181818,
      "accuracy_random": 0.6676136363636364
    },
    "4": {
      "accuracy": 1.0,
      "f1": 1.0,
      "frequency_baseline": 0.7255681818181818,
      "accuracy_random": 0.6619318181818182
    },
    "5": {
      "accuracy": 1.0,
      "f1": 1.0,
      "frequency_baseline": 0.7255681818181818,
      "accuracy_random": 0.6659090909090909
    },
    "6": {
      "accuracy": 1.0,
      "f1": 1.0,
      "frequency_baseline": 0.7255681818181818,
      "accuracy_random": 0.6528409090909091
    },
    "7": {
      "accuracy": 1.0,
      "f1": 1.0,
      "frequency_baseline": 0.7255681818181818,
      "accuracy_random": 0.6488636363636363
    },
    "8": {
      "accuracy": 1.0,
      "f1": 1.0,
      "frequency_baseline": 0.7255681818181818,
      "accuracy_random": 0.6590909090909091
    },
    "9": {
      "accuracy": 0.9994318181818181,
      "f1": 0.9994324015033328,
      "frequency_baseline": 0.7255681818181818,
      "accuracy_random": 0.6676136363636364
    },
    "10": {
      "accuracy": 1.0,
      "f1": 1.0,
      "frequency_baseline": 0.7255681818181818,
      "accuracy_random": 0.66875
    },
    "11": {
      "accuracy": 0.9994318181818181,
      "f1": 0.9994324015033328,
      "frequency_baseline": 0.7255681818181818,
      "accuracy_random": 0.6585227272727273
    },
    "12": {
      "accuracy": 0.9994318181818181,
      "f1": 0.9994324015033328,
      "frequency_baseline": 0.7255681818181818,
      "accuracy_random": 0.6573863636363636
    }
  },
  "hybridization": {
    "0": {
      "accuracy": 0.7232954545454545,
      "f1": 0.701625428530549,
      "frequency_baseline": 0.6232954545454545,
      "accuracy_random": 0.5454545454545454
    },
    "1": {
      "accuracy": 0.8897727272727273,
      "f1": 0.8869968657466933,
      "frequency_baseline": 0.6232954545454545,
      "accuracy_random": 0.5369318181818182
    },
    "2": {
      "accuracy": 0.9005681818181818,
      "f1": 0.9013885943757577,
      "frequency_baseline": 0.6232954545454545,
      "accuracy_random": 0.5443181818181818
    },
    "3": {
      "accuracy": 0.9295454545454546,
      "f1": 0.9295211603417238,
      "frequency_baseline": 0.6232954545454545,
      "accuracy_random": 0.5278409090909091
    },
    "4": {
      "accuracy": 0.9539772727272727,
      "f1": 0.9540232056655981,
      "frequency_baseline": 0.6232954545454545,
      "accuracy_random": 0.5136363636363637
    },
    "5": {
      "accuracy": 0.9630681818181818,
      "f1": 0.9630339178935576,
      "frequency_baseline": 0.6232954545454545,
      "accuracy_random": 0.5414772727272728
    },
    "6": {
      "accuracy": 0.9761363636363637,
      "f1": 0.9760984285612045,
      "frequency_baseline": 0.6232954545454545,
      "accuracy_random": 0.5153409090909091
    },
    "7": {
      "accuracy": 0.9789772727272728,
      "f1": 0.9789603115660301,
      "frequency_baseline": 0.6232954545454545,
      "accuracy_random": 0.5079545454545454
    },
    "8": {
      "accuracy": 0.9795454545454545,
      "f1": 0.9795060969793326,
      "frequency_baseline": 0.6232954545454545,
      "accuracy_random": 0.48465909090909093
    },
    "9": {
      "accuracy": 0.9869318181818182,
      "f1": 0.9869206434860935,
      "frequency_baseline": 0.6232954545454545,
      "accuracy_random": 0.50625
    },
    "10": {
      "accuracy": 0.9823863636363637,
      "f1": 0.9823575846264712,
      "frequency_baseline": 0.6232954545454545,
      "accuracy_random": 0.5022727272727273
    },
    "11": {
      "accuracy": 0.9846590909090909,
      "f1": 0.98467244109196,
      "frequency_baseline": 0.6232954545454545,
      "accuracy_random": 0.5193181818181818
    },
    "12": {
      "accuracy": 0.9840909090909091,
      "f1": 0.9840865064872003,
      "frequency_baseline": 0.6232954545454545,
      "accuracy_random": 0.4954545454545455
    }
  },
  "is_aromatic": {
    "0": {
      "accuracy": 0.95,
      "f1": 0.9431472899797999,
      "frequency_baseline": 0.8920454545454546,
      "accuracy_random": 0.8693181818181818
    },
    "1": {
      "accuracy": 0.9676136363636364,
      "f1": 0.9666011796760746,
      "frequency_baseline": 0.8920454545454546,
      "accuracy_random": 0.8573863636363637
    },
    "2": {
      "accuracy": 0.9704545454545455,
      "f1": 0.9692451650478785,
      "frequency_baseline": 0.8920454545454546,
      "accuracy_random": 0.85625
    },
    "3": {
      "accuracy": 0.9698863636363636,
      "f1": 0.9686961354236825,
      "frequency_baseline": 0.8920454545454546,
      "accuracy_random": 0.8255681818181818
    },
    "4": {
      "accuracy": 0.9715909090909091,
      "f1": 0.9705865472910928,
      "frequency_baseline": 0.8920454545454546,
      "accuracy_random": 0.8204545454545454
    },
    "5": {
      "accuracy": 0.9744318181818182,
      "f1": 0.9734925719068981,
      "frequency_baseline": 0.8920454545454546,
      "accuracy_random": 0.8227272727272728
    },
    "6": {
      "accuracy": 0.9744318181818182,
      "f1": 0.9735629879208398,
      "frequency_baseline": 0.8920454545454546,
      "accuracy_random": 0.8210227272727273
    },
    "7": {
      "accuracy": 0.9767045454545454,
      "f1": 0.9760388290055768,
      "frequency_baseline": 0.8920454545454546,
      "accuracy_random": 0.8102272727272727
    },
    "8": {
      "accuracy": 0.9767045454545454,
      "f1": 0.9761615631498672,
      "frequency_baseline": 0.8920454545454546,
      "accuracy_random": 0.8272727272727273
    },
    "9": {
      "accuracy": 0.977840909090909,
      "f1": 0.977438261432465,
      "frequency_baseline": 0.8920454545454546,
      "accuracy_random": 0.8426136363636364
    },
    "10": {
      "accuracy": 0.9806818181818182,
      "f1": 0.9803552196077431,
      "frequency_baseline": 0.8920454545454546,
      "accuracy_random": 0.8477272727272728
    },
    "11": {
      "accuracy": 0.977840909090909,
      "f1": 0.9771481755678405,
      "frequency_baseline": 0.8920454545454546,
      "accuracy_random": 0.8272727272727273
    },
    "12": {
      "accuracy": 0.977840909090909,
      "f1": 0.9771481755678405,
      "frequency_baseline": 0.8920454545454546,
      "accuracy_random": 0.8170454545454545
    }
  },
  "is_in_ring": {
    "0": {
      "accuracy": 0.6710227272727273,
      "f1": 0.6511163782122271,
      "frequency_baseline": 0.6039772727272728,
      "accuracy_random": 0.5363636363636364
    },
    "1": {
      "accuracy": 0.8579545454545454,
      "f1": 0.8574627795762358,
      "frequency_baseline": 0.6039772727272728,
      "accuracy_random": 0.525
    },
    "2": {
      "accuracy": 0.8761363636363636,
      "f1": 0.8764241976700723,
      "frequency_baseline": 0.6039772727272728,
      "accuracy_random": 0.5255681818181818
    },
    "3": {
      "accuracy": 0.9045454545454545,
      "f1": 0.904448893811593,
      "frequency_baseline": 0.6039772727272728,
      "accuracy_random": 0.5448863636363637
    },
    "4": {
      "accuracy": 0.9443181818181818,
      "f1": 0.9444104575585399,
      "frequency_baseline": 0.6039772727272728,
      "accuracy_random": 0.5448863636363637
    },
    "5": {
      "accuracy": 0.9715909090909091,
      "f1": 0.9715767079038432,
      "frequency_baseline": 0.6039772727272728,
      "accuracy_random": 0.5420454545454545
    },
    "6": {
      "accuracy": 0.9829545454545454,
      "f1": 0.9829628654789042,
      "frequency_baseline": 0.6039772727272728,